{
  "xtype": "button",
  "name": "Ext.button.Button",
  "extends": "Ext.Component",
  "numConfigs": 137,
  "numMethods": 386,
  "numEvents": 41,
  "configs": [
    {
      "name": "activeCounter",
      "type": "Number",
      "defaultValue": "0"
    },
    {
      "name": "alignOnScroll",
      "type": "Boolean",
      "defaultValue": "true"
    },
    {
      "name": "alignTarget",
      "type": "String",
      "defaultValue": "null"
    },
    {
      "name": "allowDepress",
      "type": "Boolean",
      "defaultValue": "true"
    },
    {
      "name": "alwaysOnTop",
      "type": "Boolean/Number",
      "defaultValue": "false"
    },
    {
      "name": "anchor",
      "type": "String"
    },
    {
      "name": "animateShadow",
      "type": "Boolean",
      "defaultValue": "false"
    },
    {
      "name": "ariaAttributes",
      "type": "Object",
      "defaultValue": "null"
    },
    {
      "name": "ariaDescribedBy",
      "type": "String"
    },
    {
      "name": "ariaLabel",
      "type": "String"
    },
    {
      "name": "ariaLabelledBy",
      "type": "String"
    },
    {
      "name": "arrowAlign",
      "type": "String",
      "defaultValue": "'right'"
    },
    {
      "name": "arrowCls",
      "type": "String",
      "defaultValue": "'arrow'"
    },
    {
      "name": "arrowVisible",
      "type": "Boolean",
      "defaultValue": "true"
    },
    {
      "name": "autoEl",
      "type": "String/Object",
      "defaultValue": "{\n    tag: 'a',\n    hidefocus: 'on',\n    unselectable: 'on'\n}"
    },
    {
      "name": "autoRender",
      "type": "Boolean/String/HTMLElement/Ext.dom.Element",
      "defaultValue": "false"
    },
    {
      "name": "autoScroll",
      "type": "Boolean",
      "defaultValue": "false"
    },
    {
      "name": "autoShow",
      "type": "Boolean",
      "defaultValue": "false"
    },
    {
      "name": "baseCls",
      "type": "String",
      "defaultValue": "Ext.baseCSSPrefix + 'btn'"
    },
    {
      "name": "baseParams",
      "type": "Object"
    },
    {
      "name": "bind",
      "type": "Object/String",
      "defaultValue": "null"
    },
    {
      "name": "border",
      "type": "Number/String/Boolean"
    },
    {
      "name": "childEls",
      "type": "Object/String[]/Object[]",
      "defaultValue": "[\n    'btnEl',\n    'btnWrap',\n    'btnInnerEl',\n    'btnIconEl',\n    'arrowEl',\n    'tooltipEl'\n]"
    },
    {
      "name": "clickEvent",
      "type": "String",
      "defaultValue": "'click'"
    },
    {
      "name": "cls",
      "type": "String"
    },
    {
      "name": "columnWidth",
      "type": "Number"
    },
    {
      "name": "componentCls",
      "type": "String"
    },
    {
      "name": "componentLayout",
      "type": "String/Object",
      "defaultValue": "'autocomponent'"
    },
    {
      "name": "constrain",
      "type": "Boolean",
      "defaultValue": "false"
    },
    {
      "name": "constraintInsets",
      "type": "Object/String"
    },
    {
      "name": "constrainTo",
      "type": "Ext.util.Region/Ext.dom.Element"
    },
    {
      "name": "contentEl",
      "type": "String"
    },
    {
      "name": "controller",
      "type": "String/Object/Ext.app.ViewController",
      "defaultValue": "null"
    },
    {
      "name": "data",
      "type": "Object",
      "defaultValue": "null"
    },
    {
      "name": "defaultAlign",
      "type": "String",
      "defaultValue": "'c-c'"
    },
    {
      "name": "defaultListenerScope",
      "type": "Boolean",
      "defaultValue": "false"
    },
    {
      "name": "destroyMenu",
      "type": "Boolean",
      "defaultValue": "true"
    },
    {
      "name": "disabled",
      "type": "Boolean",
      "defaultValue": "false"
    },
    {
      "name": "disabledCls",
      "type": "String",
      "defaultValue": "Ext.baseCSSPrefix + 'item-disabled'"
    },
    {
      "name": "dock",
      "type": "'top'/'bottom'/'left'/'right'"
    },
    {
      "name": "draggable",
      "type": "Boolean/Object",
      "defaultValue": "false"
    },
    {
      "name": "enableToggle",
      "type": "Boolean",
      "defaultValue": "false"
    },
    {
      "name": "fixed",
      "type": "Boolean",
      "defaultValue": "false"
    },
    {
      "name": "flex",
      "type": "Number"
    },
    {
      "name": "floating",
      "type": "Boolean",
      "defaultValue": "false"
    },
    {
      "name": "focusCls",
      "type": "String",
      "defaultValue": "'x-focused'"
    },
    {
      "name": "focusOnToFront",
      "type": "Boolean",
      "defaultValue": "true"
    },
    {
      "name": "formBind",
      "type": "Boolean",
      "defaultValue": "false"
    },
    {
      "name": "frame",
      "type": "Boolean",
      "defaultValue": "true"
    },
    {
      "name": "glyph",
      "type": "Number/String",
      "defaultValue": "null"
    },
    {
      "name": "handleMouseEvents",
      "type": "Boolean",
      "defaultValue": "true"
    },
    {
      "name": "handler",
      "type": "Function/String"
    },
    {
      "name": "height",
      "type": "Number|String"
    },
    {
      "name": "hidden",
      "type": "Boolean",
      "defaultValue": "false"
    },
    {
      "name": "hideMode",
      "type": "String",
      "defaultValue": "'display'"
    },
    {
      "name": "href",
      "type": "String"
    },
    {
      "name": "hrefTarget",
      "type": "String",
      "defaultValue": "'_blank'"
    },
    {
      "name": "html",
      "type": "String/Object",
      "defaultValue": "''"
    },
    {
      "name": "icon",
      "type": "String",
      "defaultValue": "null"
    },
    {
      "name": "iconAlign",
      "type": "String",
      "defaultValue": "'left'"
    },
    {
      "name": "iconCls",
      "type": "String",
      "defaultValue": "null"
    },
    {
      "name": "id",
      "type": "String"
    },
    {
      "name": "itemId",
      "type": "String"
    },
    {
      "name": "keyMap",
      "type": "Object",
      "defaultValue": "{\n    scope: 'this',\n    SPACE: 'onEnterKey',\n    ENTER: 'onEnterKey',\n    DOWN: 'onDownKey'\n}"
    },
    {
      "name": "keyMapEnabled",
      "type": "Boolean",
      "defaultValue": "null"
    },
    {
      "name": "keyMapTarget",
      "type": "String",
      "defaultValue": "'el'"
    },
    {
      "name": "liquidLayout",
      "type": "Boolean",
      "defaultValue": "false"
    },
    {
      "name": "listeners",
      "type": "Object"
    },
    {
      "name": "liveDrag",
      "type": "Boolean",
      "defaultValue": "false"
    },
    {
      "name": "loader",
      "type": "Ext.ComponentLoader/Object"
    },
    {
      "name": "margin",
      "type": "Number/String"
    },
    {
      "name": "maskDefaults",
      "type": "Object"
    },
    {
      "name": "maskElement",
      "type": "String",
      "defaultValue": "null"
    },
    {
      "name": "maxHeight",
      "type": "Number",
      "defaultValue": "null"
    },
    {
      "name": "maxWidth",
      "type": "Number",
      "defaultValue": "null"
    },
    {
      "name": "menu",
      "type": "Ext.menu.Menu/String/Object"
    },
    {
      "name": "menuAlign",
      "type": "String",
      "defaultValue": "'tl-bl?'"
    },
    {
      "name": "minHeight",
      "type": "Number",
      "defaultValue": "null"
    },
    {
      "name": "minWidth",
      "type": "Number"
    },
    {
      "name": "modal",
      "type": "Boolean",
      "defaultValue": "false"
    },
    {
      "name": "modelValidation",
      "type": "Boolean"
    },
    {
      "name": "nameable",
      "type": "Boolean",
      "defaultValue": "false"
    },
    {
      "name": "overCls",
      "type": "String",
      "defaultValue": "Ext.baseCSSPrefix + 'btn-over'"
    },
    {
      "name": "overflowText",
      "type": "String"
    },
    {
      "name": "overflowX",
      "type": "String"
    },
    {
      "name": "overflowY",
      "type": "String"
    },
    {
      "name": "padding",
      "type": "Number/String"
    },
    {
      "name": "params",
      "type": "Object"
    },
    {
      "name": "plugins",
      "type": "Array/Ext.enums.Plugin/Object/Ext.plugin.Abstract"
    },
    {
      "name": "pressed",
      "type": "Boolean",
      "defaultValue": "false"
    },
    {
      "name": "preventDefault",
      "type": "Boolean",
      "defaultValue": "true"
    },
    {
      "name": "publishes",
      "type": "String/String[]/Object",
      "defaultValue": "{\n    pressed: 1\n}"
    },
    {
      "name": "reference",
      "type": "String",
      "defaultValue": "null"
    },
    {
      "name": "region",
      "type": "\"north\"/\"south\"/\"east\"/\"west\"/\"center\"",
      "defaultValue": "undefined"
    },
    {
      "name": "renderConfig",
      "type": "Object"
    },
    {
      "name": "renderData",
      "type": "Object"
    },
    {
      "name": "renderSelectors",
      "type": "Object"
    },
    {
      "name": "renderTo",
      "type": "String/HTMLElement/Ext.dom.Element"
    },
    {
      "name": "renderTpl",
      "type": "Ext.XTemplate/String/String[]",
      "defaultValue": "'<span id=\"{id}-btnWrap\" data-ref=\"btnWrap\" role=\"presentation\" unselectable=\"on\" style=\"{btnWrapStyle}\" ' + 'class=\"{btnWrapCls} {btnWrapCls}-{ui} {splitCls}{childElCls}\">' + '<span id=\"{id}-btnEl\" data-ref=\"btnEl\" role=\"presentation\" unselectable=\"on\" style=\"{btnElStyle}\" ' + 'class=\"{btnCls} {btnCls}-{ui} {textCls} {noTextCls} {hasIconCls} ' + '{iconAlignCls} {textAlignCls} {btnElAutoHeightCls}{childElCls}\">' + '<tpl if=\"iconBeforeText\">{[values.$comp.renderIcon(values)]}</tpl>' + '<span id=\"{id}-btnInnerEl\" data-ref=\"btnInnerEl\" unselectable=\"on\" ' + 'class=\"{innerCls} {innerCls}-{ui}{childElCls}\">{text}</span>' + '<tpl if=\"!iconBeforeText\">{[values.$comp.renderIcon(values)]}</tpl>' + '</span>' + '</span>' + '{[values.$comp.getAfterMarkup ? values.$comp.getAfterMarkup(values) : \"\"]}' + // if \"closable\" (tab) add a close element icon\n'<tpl if=\"closable\">' + '<span id=\"{id}-closeEl\" data-ref=\"closeEl\" class=\"{baseCls}-close-btn\">' + '<tpl if=\"closeText\">' + ' {closeText}' + '</tpl>' + '</span>' + '</tpl>' + // Split buttons have additional tab stop for the arrow element\n'<tpl if=\"split\">' + '<span id=\"{id}-arrowEl\" class=\"{arrowElCls}\" data-ref=\"arrowEl\" ' + 'role=\"button\" hidefocus=\"on\" unselectable=\"on\"' + '<tpl if=\"tabIndex != null\"> tabindex=\"{tabIndex}\"</tpl>' + '<tpl foreach=\"arrowElAttributes\"> {$}=\"{.}\"</tpl>' + ' style=\"{arrowElStyle}\"' + '>{arrowElText}</span>' + '</tpl>' + '<div id=\"{id}-tooltipEl\" data-ref=\"tooltipEl\" role=\"presentation\" class=\"{tooltipCls}\"></div>'"
    },
    {
      "name": "repeat",
      "type": "Boolean/Object",
      "defaultValue": "false"
    },
    {
      "name": "resizable",
      "type": "Boolean/Object"
    },
    {
      "name": "resizeHandles",
      "type": "String",
      "defaultValue": "'all'"
    },
    {
      "name": "saveDelay",
      "type": "Number",
      "defaultValue": "100"
    },
    {
      "name": "scale",
      "type": "\"small\"/\"medium\"/\"large\"",
      "defaultValue": "'small'"
    },
    {
      "name": "scope",
      "type": "Object"
    },
    {
      "name": "scrollable",
      "type": "Boolean/String/Object",
      "defaultValue": "null"
    },
    {
      "name": "session",
      "type": "Boolean/Object/Ext.data.Session",
      "defaultValue": "null"
    },
    {
      "name": "shadow",
      "type": "String/Boolean",
      "defaultValue": "'sides'"
    },
    {
      "name": "shadowOffset",
      "type": "Number"
    },
    {
      "name": "shareableName",
      "type": "Boolean",
      "defaultValue": "false"
    },
    {
      "name": "shim",
      "type": "Boolean"
    },
    {
      "name": "showEmptyMenu",
      "type": "Boolean",
      "defaultValue": "false"
    },
    {
      "name": "shrinkWrap",
      "type": "Boolean/Number",
      "defaultValue": "3"
    },
    {
      "name": "stateEvents",
      "type": "String[]"
    },
    {
      "name": "stateful",
      "type": "Boolean/Object",
      "defaultValue": "false"
    },
    {
      "name": "stateId",
      "type": "String"
    },
    {
      "name": "style",
      "type": "String/Object"
    },
    {
      "name": "tabIndex",
      "type": "Number",
      "defaultValue": "0"
    },
    {
      "name": "text",
      "type": "String",
      "defaultValue": "null"
    },
    {
      "name": "textAlign",
      "type": "String",
      "defaultValue": "'center'"
    },
    {
      "name": "toFrontOnShow",
      "type": "Boolean",
      "defaultValue": "true"
    },
    {
      "name": "toggleGroup",
      "type": "String"
    },
    {
      "name": "toggleHandler",
      "type": "Function/String"
    },
    {
      "name": "tooltip",
      "type": "String/Object"
    },
    {
      "name": "tooltipType",
      "type": "String",
      "defaultValue": "'qtip'"
    },
    {
      "name": "touchAction",
      "type": "Object",
      "defaultValue": "null"
    },
    {
      "name": "tpl",
      "type": "Ext.XTemplate/Ext.Template/String/String[]"
    },
    {
      "name": "tplWriteMode",
      "type": "String",
      "defaultValue": "'overwrite'"
    },
    {
      "name": "twoWayBindable",
      "type": "String/String[]/Object",
      "defaultValue": "null"
    },
    {
      "name": "ui",
      "type": "String",
      "defaultValue": "'default'"
    },
    {
      "name": "uiCls",
      "type": "String[]",
      "defaultValue": "[]"
    },
    {
      "name": "userCls",
      "type": "String/String[]",
      "defaultValue": "null"
    },
    {
      "name": "value",
      "type": "String/Number"
    },
    {
      "name": "viewModel",
      "type": "String/Object/Ext.app.ViewModel",
      "defaultValue": "null"
    },
    {
      "name": "weight",
      "type": "Number",
      "defaultValue": "null"
    },
    {
      "name": "width",
      "type": "Number|String"
    },
    {
      "name": "xtype",
      "type": "Ext.enums.Widget"
    }
  ],
  "methods": [
    {
      "name": "_addDeclaredListeners",
      "returnType": "Array",
      "params": [
        {
          "name": "listeners",
          "type": "Array"
        }
      ]
    },
    {
      "name": "_fixReference"
    },
    {
      "name": "_hasIcon",
      "returnType": "Array",
      "params": []
    },
    {
      "name": "addAfterListener"
    },
    {
      "name": "addBeforeListener"
    },
    {
      "name": "addChildEl",
      "params": [
        {
          "name": "childEl"
        }
      ]
    },
    {
      "name": "addClass",
      "returnType": "String/String[]",
      "params": [
        {
          "name": "cls",
          "type": "String/String[]"
        }
      ]
    },
    {
      "name": "addCls",
      "returnType": "String/String[]",
      "params": [
        {
          "name": "cls",
          "type": "String/String[]"
        }
      ]
    },
    {
      "name": "addClsWithUI",
      "params": [
        {
          "name": "classes",
          "type": "String/String[]"
        },
        {
          "name": "skip",
          "type": "Boolean"
        }
      ]
    },
    {
      "name": "addDelegatedListener",
      "params": [
        {
          "name": "eventName"
        },
        {
          "name": "fn"
        },
        {
          "name": "scope"
        },
        {
          "name": "options"
        },
        {
          "name": "order"
        },
        {
          "name": "caller"
        },
        {
          "name": "manager"
        }
      ]
    },
    {
      "name": "addDeprecations",
      "params": [
        {
          "name": "deprecations"
        }
      ]
    },
    {
      "name": "addListener",
      "params": [
        {
          "name": "eventName",
          "type": "String/Object"
        },
        {
          "name": "fn",
          "type": "Function/String"
        },
        {
          "name": "scope",
          "type": "Object"
        },
        {
          "name": "options",
          "type": "Object"
        },
        {
          "name": "order",
          "type": "String"
        },
        {
          "name": "caller"
        }
      ]
    },
    {
      "name": "addManagedListener",
      "returnType": "Boolean",
      "params": [
        {
          "name": "item",
          "type": "Ext.util.Observable/Ext.dom.Element"
        },
        {
          "name": "ename",
          "type": "Object/String"
        },
        {
          "name": "fn",
          "type": "Function/String"
        },
        {
          "name": "scope",
          "type": "Object"
        },
        {
          "name": "options",
          "type": "Object"
        },
        {
          "name": "noDestroy",
          "type": "Boolean"
        }
      ]
    },
    {
      "name": "addPlugin",
      "params": [
        {
          "name": "plugin"
        }
      ]
    },
    {
      "name": "addPropertyToState",
      "returnType": "String",
      "params": [
        {
          "name": "state",
          "type": "Object"
        },
        {
          "name": "propName",
          "type": "String"
        },
        {
          "name": "value",
          "type": "String"
        }
      ]
    },
    {
      "name": "addStateEvents",
      "params": [
        {
          "name": "events",
          "type": "String/String[]"
        }
      ]
    },
    {
      "name": "addUIClsToElement",
      "params": [
        {
          "name": "uiCls",
          "type": "String"
        }
      ]
    },
    {
      "name": "addUIToElement"
    },
    {
      "name": "adjustForConstraints",
      "params": [
        {
          "name": "xy"
        },
        {
          "name": "parent"
        }
      ]
    },
    {
      "name": "adjustPosition",
      "params": [
        {
          "name": "x"
        },
        {
          "name": "y"
        }
      ]
    },
    {
      "name": "afterClassMixedIn",
      "params": [
        {
          "name": "targetClass",
          "type": "Ext.Class"
        }
      ]
    },
    {
      "name": "afterComponentLayout",
      "params": [
        {
          "name": "width",
          "type": "Number"
        },
        {
          "name": "height",
          "type": "Number"
        },
        {
          "name": "oldWidth",
          "type": "Number/undefined"
        },
        {
          "name": "oldHeight",
          "type": "Number/undefined"
        }
      ]
    },
    {
      "name": "afterHide",
      "params": [
        {
          "name": "callback",
          "type": "Function"
        },
        {
          "name": "scope",
          "type": "Object"
        }
      ]
    },
    {
      "name": "afterRender"
    },
    {
      "name": "afterSetPosition",
      "params": [
        {
          "name": "x",
          "type": "Number"
        },
        {
          "name": "y",
          "type": "Number"
        }
      ]
    },
    {
      "name": "afterShow",
      "params": [
        {
          "name": "animateTarget",
          "type": "String/Ext.dom.Element"
        },
        {
          "name": "callback",
          "type": "Function"
        },
        {
          "name": "scope",
          "type": "Object"
        }
      ]
    },
    {
      "name": "alignTo",
      "returnType": "Boolean",
      "params": [
        {
          "name": "element",
          "type": "Ext.util.Positionable/HTMLElement/String"
        },
        {
          "name": "position",
          "type": "String"
        },
        {
          "name": "offsets",
          "type": "Number[]"
        },
        {
          "name": "animate",
          "type": "Boolean"
        }
      ]
    },
    {
      "name": "anchorTo",
      "returnType": "Function",
      "params": [
        {
          "name": "anchorToEl",
          "type": "Ext.util.Positionable/HTMLElement/String"
        },
        {
          "name": "alignment",
          "type": "String"
        },
        {
          "name": "offsets",
          "type": "Number[]"
        },
        {
          "name": "animate",
          "type": "Boolean/Object"
        },
        {
          "name": "monitorScroll",
          "type": "Boolean/Number"
        },
        {
          "name": "callback",
          "type": "Function"
        }
      ]
    },
    {
      "name": "anim",
      "params": [
        {
          "name": "config"
        }
      ]
    },
    {
      "name": "animate",
      "returnType": "Object",
      "params": [
        {
          "name": "animObj",
          "type": "Object"
        }
      ]
    },
    {
      "name": "applyBind",
      "returnType": "Object",
      "params": [
        {
          "name": "binds",
          "type": "String/Object"
        },
        {
          "name": "currentBindings",
          "type": "Object"
        }
      ]
    },
    {
      "name": "applyRenderSelectors"
    },
    {
      "name": "applySession",
      "returnType": "Object",
      "params": [
        {
          "name": "session",
          "type": "Object"
        }
      ]
    },
    {
      "name": "applyState",
      "params": [
        {
          "name": "state",
          "type": "Object"
        }
      ]
    },
    {
      "name": "applyViewModel",
      "returnType": "String/Object/Ext.app.ViewModel",
      "params": [
        {
          "name": "viewModel",
          "type": "String/Object/Ext.app.ViewModel"
        }
      ]
    },
    {
      "name": "attachChildEls",
      "params": [
        {
          "name": "el"
        },
        {
          "name": "owner"
        }
      ]
    },
    {
      "name": "beforeBlur",
      "params": [
        {
          "name": "e",
          "type": "Ext.event.Event"
        }
      ]
    },
    {
      "name": "beforeDestroy"
    },
    {
      "name": "beforeFocus",
      "params": [
        {
          "name": "e",
          "type": "Ext.event.Event"
        }
      ]
    },
    {
      "name": "beforeLayout"
    },
    {
      "name": "beforeRender"
    },
    {
      "name": "beforeSetPosition",
      "params": [
        {
          "name": "x"
        },
        {
          "name": "y"
        },
        {
          "name": "animate"
        }
      ]
    },
    {
      "name": "beforeShow"
    },
    {
      "name": "blur"
    },
    {
      "name": "bubble",
      "returnType": "Array",
      "params": [
        {
          "name": "fn",
          "type": "Function"
        },
        {
          "name": "scope",
          "type": "Object"
        },
        {
          "name": "args",
          "type": "Array"
        }
      ]
    },
    {
      "name": "cacheRefEls",
      "params": [
        {
          "name": "el"
        }
      ]
    },
    {
      "name": "calculateAnchorXY",
      "returnType": "Object",
      "params": [
        {
          "name": "anchor",
          "type": "String"
        },
        {
          "name": "extraX",
          "type": "Number"
        },
        {
          "name": "extraY",
          "type": "Number"
        },
        {
          "name": "size",
          "type": "Object"
        }
      ]
    },
    {
      "name": "calculateConstrainedPosition",
      "returnType": "Number[]",
      "params": [
        {
          "name": "constrainTo",
          "type": "String/HTMLElement/Ext.dom.Element/Ext.util.Region"
        },
        {
          "name": "proposedPosition",
          "type": "Number[]"
        },
        {
          "name": "local",
          "type": "Boolean"
        },
        {
          "name": "proposedSize",
          "type": "Number[]"
        }
      ]
    },
    {
      "name": "callOverridden",
      "returnType": "Array/Arguments",
      "params": [
        {
          "name": "args",
          "type": "Array/Arguments"
        }
      ]
    },
    {
      "name": "callParent",
      "returnType": "Array/Arguments",
      "params": [
        {
          "name": "args",
          "type": "Array/Arguments"
        }
      ]
    },
    {
      "name": "callSuper",
      "returnType": "Array/Arguments",
      "params": [
        {
          "name": "args",
          "type": "Array/Arguments"
        }
      ]
    },
    {
      "name": "cancelFocus"
    },
    {
      "name": "center",
      "returnType": "Array/Arguments",
      "params": []
    },
    {
      "name": "changeConstraint",
      "params": [
        {
          "name": "newValue"
        },
        {
          "name": "oldValue"
        },
        {
          "name": "constrainMethod"
        },
        {
          "name": "styleName"
        },
        {
          "name": "sizeName"
        }
      ]
    },
    {
      "name": "child",
      "returnType": "String/Ext.Component",
      "params": [
        {
          "name": "selector",
          "type": "String/Ext.Component"
        }
      ]
    },
    {
      "name": "clearClip"
    },
    {
      "name": "clearDelegatedListeners"
    },
    {
      "name": "clearListeners"
    },
    {
      "name": "clearManagedListeners"
    },
    {
      "name": "clearTip"
    },
    {
      "name": "click",
      "params": [
        {
          "name": "e",
          "type": "Ext.event.Event"
        }
      ]
    },
    {
      "name": "clipTo",
      "params": [
        {
          "name": "clippingEl",
          "type": "Ext.Component/Ext.Element/Ext.util.Region"
        },
        {
          "name": "sides",
          "type": "Number"
        }
      ]
    },
    {
      "name": "clipToScroller",
      "params": [
        {
          "name": "scroller"
        }
      ]
    },
    {
      "name": "cloneConfig",
      "returnType": "Object",
      "params": [
        {
          "name": "overrides",
          "type": "Object"
        }
      ]
    },
    {
      "name": "constrainBox",
      "params": [
        {
          "name": "box"
        }
      ]
    },
    {
      "name": "constructor",
      "params": [
        {
          "name": "config",
          "type": "Ext.dom.Element/String/Object"
        }
      ]
    },
    {
      "name": "constructPlugin",
      "params": [
        {
          "name": "plugin",
          "type": "String/Object"
        }
      ]
    },
    {
      "name": "constructPlugins"
    },
    {
      "name": "convertPositionSpec",
      "params": [
        {
          "name": "posSpec"
        }
      ]
    },
    {
      "name": "createRelayer",
      "returnType": "Array",
      "params": [
        {
          "name": "newName",
          "type": "String"
        },
        {
          "name": "beginEnd",
          "type": "Array"
        }
      ]
    },
    {
      "name": "destroy"
    },
    {
      "name": "destroyMembers",
      "params": [
        {
          "name": "args",
          "type": "String..."
        }
      ]
    },
    {
      "name": "didIconStateChange",
      "returnType": "String",
      "params": [
        {
          "name": "old",
          "type": "String"
        },
        {
          "name": "current",
          "type": "String"
        }
      ]
    },
    {
      "name": "disable",
      "params": [
        {
          "name": "silent",
          "type": "Boolean"
        },
        {
          "name": "fromParent"
        }
      ]
    },
    {
      "name": "doApplyRenderTpl",
      "params": [
        {
          "name": "out"
        },
        {
          "name": "values"
        }
      ]
    },
    {
      "name": "doAutoRender"
    },
    {
      "name": "doComponentLayout",
      "params": []
    },
    {
      "name": "doConstrain",
      "params": [
        {
          "name": "constrainTo",
          "type": "String/HTMLElement/Ext.dom.Element/Ext.util.Region"
        }
      ]
    },
    {
      "name": "doDestroy"
    },
    {
      "name": "doFireDelegatedEvent",
      "params": [
        {
          "name": "eventName"
        },
        {
          "name": "args"
        }
      ]
    },
    {
      "name": "doFireEvent",
      "params": [
        {
          "name": "eventName",
          "type": "String"
        },
        {
          "name": "args",
          "type": "Array"
        },
        {
          "name": "bubbles",
          "type": "Boolean"
        }
      ]
    },
    {
      "name": "down",
      "returnType": "String/Ext.Component",
      "params": [
        {
          "name": "selector",
          "type": "String/Ext.Component"
        }
      ]
    },
    {
      "name": "enable",
      "params": [
        {
          "name": "silent",
          "type": "Boolean"
        },
        {
          "name": "fromParent"
        }
      ]
    },
    {
      "name": "enableBubble",
      "params": [
        {
          "name": "eventNames",
          "type": "String/String[]"
        }
      ]
    },
    {
      "name": "ensureAttachedToBody",
      "params": [
        {
          "name": "runLayout",
          "type": "Boolean"
        }
      ]
    },
    {
      "name": "findFocusTarget",
      "returnType": "Boolean",
      "params": []
    },
    {
      "name": "findParentBy",
      "returnType": "Function",
      "params": [
        {
          "name": "fn",
          "type": "Function"
        }
      ]
    },
    {
      "name": "findParentByType",
      "returnType": "String/Ext.Class",
      "params": [
        {
          "name": "xtype",
          "type": "String/Ext.Class"
        }
      ]
    },
    {
      "name": "findPlugin",
      "returnType": "String",
      "params": [
        {
          "name": "ptype",
          "type": "String"
        }
      ]
    },
    {
      "name": "finishRender",
      "params": [
        {
          "name": "containerIdx",
          "type": "Number"
        }
      ]
    },
    {
      "name": "fireAction",
      "params": [
        {
          "name": "eventName",
          "type": "String"
        },
        {
          "name": "args",
          "type": "Array"
        },
        {
          "name": "fn",
          "type": "Function"
        },
        {
          "name": "scope",
          "type": "Object"
        },
        {
          "name": "options",
          "type": "Object"
        },
        {
          "name": "order",
          "type": "String"
        }
      ]
    },
    {
      "name": "fireEvent",
      "returnType": "Object...",
      "params": [
        {
          "name": "eventName",
          "type": "String"
        },
        {
          "name": "args",
          "type": "Object..."
        }
      ]
    },
    {
      "name": "fireEventArgs",
      "returnType": "Object[]",
      "params": [
        {
          "name": "eventName",
          "type": "String"
        },
        {
          "name": "args",
          "type": "Object[]"
        }
      ]
    },
    {
      "name": "fireEventedAction",
      "returnType": "Array/Boolean",
      "params": [
        {
          "name": "eventName",
          "type": "String"
        },
        {
          "name": "args",
          "type": "Array"
        },
        {
          "name": "fn",
          "type": "Function/String"
        },
        {
          "name": "scope",
          "type": "Object"
        },
        {
          "name": "fnArgs",
          "type": "Array/Boolean"
        }
      ]
    },
    {
      "name": "fireHierarchyEvent",
      "params": [
        {
          "name": "eventName",
          "type": "String"
        }
      ]
    },
    {
      "name": "fitContainer",
      "params": [
        {
          "name": "animate"
        }
      ]
    },
    {
      "name": "focus",
      "returnType": "Boolean/Number[]",
      "params": [
        {
          "name": "selectText",
          "type": "Boolean/Number[]"
        }
      ]
    },
    {
      "name": "forceComponentLayout",
      "params": [
        {
          "name": "options",
          "type": "Object"
        }
      ]
    },
    {
      "name": "getActiveAnimation",
      "returnType": "Object",
      "params": []
    },
    {
      "name": "getAlignToXY",
      "returnType": "Number[]",
      "params": [
        {
          "name": "alignToEl",
          "type": "Ext.util.Positionable/HTMLElement/String"
        },
        {
          "name": "position",
          "type": "String"
        },
        {
          "name": "offsets",
          "type": "Number[]"
        }
      ]
    },
    {
      "name": "getAnchorToXY",
      "returnType": "Object",
      "params": [
        {
          "name": "el",
          "type": "Ext.dom.Element"
        },
        {
          "name": "anchor",
          "type": "String"
        },
        {
          "name": "local",
          "type": "Boolean"
        },
        {
          "name": "size",
          "type": "Object"
        }
      ]
    },
    {
      "name": "getAnchorXY",
      "returnType": "Object",
      "params": [
        {
          "name": "anchor",
          "type": "String"
        },
        {
          "name": "local",
          "type": "Boolean"
        },
        {
          "name": "size",
          "type": "Object"
        }
      ]
    },
    {
      "name": "getAnimationProps"
    },
    {
      "name": "getAriaLabelEl",
      "returnType": "Function/String/String[]",
      "params": [
        {
          "name": "reference",
          "type": "Function/String/String[]"
        }
      ]
    },
    {
      "name": "getAutoId"
    },
    {
      "name": "getBorderPadding",
      "returnType": "Function/String/String[]",
      "params": []
    },
    {
      "name": "getBox",
      "returnType": "Boolean",
      "params": [
        {
          "name": "contentBox",
          "type": "Boolean"
        },
        {
          "name": "local",
          "type": "Boolean"
        }
      ]
    },
    {
      "name": "getBubbleParent",
      "returnType": "Boolean",
      "params": []
    },
    {
      "name": "getBubbleTarget"
    },
    {
      "name": "getClientRegion",
      "returnType": "Boolean",
      "params": []
    },
    {
      "name": "getConfig",
      "returnType": "Boolean",
      "params": [
        {
          "name": "name",
          "type": "String"
        },
        {
          "name": "peek",
          "type": "Boolean"
        },
        {
          "name": "ifInitialized",
          "type": "Boolean"
        }
      ]
    },
    {
      "name": "getConstrainRegion",
      "returnType": "Boolean",
      "params": []
    },
    {
      "name": "getConstrainVector",
      "returnType": "Number[]",
      "params": [
        {
          "name": "constrainTo",
          "type": "Ext.util.Positionable/HTMLElement/String/Ext.util.Region"
        },
        {
          "name": "proposedPosition",
          "type": "Number[]"
        },
        {
          "name": "proposedSize",
          "type": "Number[]"
        }
      ]
    },
    {
      "name": "getContentTarget"
    },
    {
      "name": "getController",
      "returnType": "Number[]",
      "params": []
    },
    {
      "name": "getCurrentConfig"
    },
    {
      "name": "getEl",
      "returnType": "Number[]",
      "params": []
    },
    {
      "name": "getFocusClsEl",
      "returnType": "Ext.dom.Element",
      "params": [
        {
          "name": "focusEl",
          "type": "Ext.dom.Element"
        }
      ]
    },
    {
      "name": "getFocusEl",
      "returnType": "Ext.dom.Element",
      "params": []
    },
    {
      "name": "getFocusTask"
    },
    {
      "name": "getFrameInfo",
      "returnType": "Ext.dom.Element",
      "params": []
    },
    {
      "name": "getFrameTpl",
      "params": [
        {
          "name": "table"
        }
      ]
    },
    {
      "name": "getHeight",
      "params": []
    },
    {
      "name": "getHref",
      "params": []
    },
    {
      "name": "getId",
      "params": []
    },
    {
      "name": "getInherited",
      "returnType": "Boolean",
      "params": [
        {
          "name": "inner",
          "type": "Boolean"
        }
      ]
    },
    {
      "name": "getInheritedConfig",
      "returnType": "Boolean",
      "params": [
        {
          "name": "property",
          "type": "String"
        },
        {
          "name": "skipThis",
          "type": "Boolean"
        }
      ]
    },
    {
      "name": "getInitialConfig",
      "returnType": "String",
      "params": [
        {
          "name": "name",
          "type": "String"
        }
      ]
    },
    {
      "name": "getInsertPosition",
      "returnType": "String/Number/Ext.dom.Element/HTMLElement",
      "params": [
        {
          "name": "position",
          "type": "String/Number/Ext.dom.Element/HTMLElement"
        }
      ]
    },
    {
      "name": "getItemId",
      "returnType": "String/Number/Ext.dom.Element/HTMLElement",
      "params": []
    },
    {
      "name": "getLoader",
      "returnType": "String/Number/Ext.dom.Element/HTMLElement",
      "params": []
    },
    {
      "name": "getLocalX",
      "returnType": "String/Number/Ext.dom.Element/HTMLElement",
      "params": []
    },
    {
      "name": "getLocalXY",
      "returnType": "String/Number/Ext.dom.Element/HTMLElement",
      "params": []
    },
    {
      "name": "getLocalY",
      "returnType": "String/Number/Ext.dom.Element/HTMLElement",
      "params": []
    },
    {
      "name": "getMaskTarget"
    },
    {
      "name": "getMenu",
      "returnType": "String/Number/Ext.dom.Element/HTMLElement",
      "params": []
    },
    {
      "name": "getOffsetsTo",
      "returnType": "Ext.util.Positionable/HTMLElement/String",
      "params": [
        {
          "name": "offsetsTo",
          "type": "Ext.util.Positionable/HTMLElement/String"
        }
      ]
    },
    {
      "name": "getOverflowEl"
    },
    {
      "name": "getOverflowStyle"
    },
    {
      "name": "getPlugin",
      "returnType": "String",
      "params": [
        {
          "name": "id",
          "type": "String"
        }
      ]
    },
    {
      "name": "getPlugins"
    },
    {
      "name": "getPosition",
      "returnType": "Boolean",
      "params": [
        {
          "name": "local",
          "type": "Boolean"
        }
      ]
    },
    {
      "name": "getRefItems",
      "params": [
        {
          "name": "deep"
        }
      ]
    },
    {
      "name": "getRefOwner"
    },
    {
      "name": "getRegion",
      "returnType": "Boolean",
      "params": [
        {
          "name": "contentBox",
          "type": "Boolean"
        },
        {
          "name": "local",
          "type": "Boolean"
        }
      ]
    },
    {
      "name": "getScrollableClientRegion",
      "returnType": "Boolean",
      "params": []
    },
    {
      "name": "getScrollX",
      "returnType": "Boolean",
      "params": []
    },
    {
      "name": "getScrollY",
      "returnType": "Boolean",
      "params": []
    },
    {
      "name": "getSize",
      "returnType": "Boolean",
      "params": [
        {
          "name": "contentSize",
          "type": "Boolean"
        }
      ]
    },
    {
      "name": "getSizeModel",
      "returnType": "Boolean",
      "params": [
        {
          "name": "ownerCtSizeModel"
        }
      ]
    },
    {
      "name": "getState",
      "params": []
    },
    {
      "name": "getStateId",
      "params": []
    },
    {
      "name": "getStyleProxy",
      "params": [
        {
          "name": "cls"
        }
      ]
    },
    {
      "name": "getTabIndex",
      "params": []
    },
    {
      "name": "getTargetEl"
    },
    {
      "name": "getTdCls"
    },
    {
      "name": "getTdType"
    },
    {
      "name": "getTemplateArgs",
      "params": []
    },
    {
      "name": "getTopAlignTarget",
      "params": []
    },
    {
      "name": "getTpl",
      "params": [
        {
          "name": "name"
        }
      ]
    },
    {
      "name": "getTriggerRegion",
      "params": []
    },
    {
      "name": "getValue",
      "params": []
    },
    {
      "name": "getViewRegion",
      "params": []
    },
    {
      "name": "getWidth",
      "params": []
    },
    {
      "name": "getX",
      "params": []
    },
    {
      "name": "getXType",
      "params": []
    },
    {
      "name": "getXTypes",
      "params": []
    },
    {
      "name": "getXY",
      "params": []
    },
    {
      "name": "getY",
      "params": []
    },
    {
      "name": "handleBlurEvent",
      "params": [
        {
          "name": "info"
        }
      ]
    },
    {
      "name": "handleFocusEvent",
      "params": [
        {
          "name": "info"
        }
      ]
    },
    {
      "name": "hasActiveFx",
      "params": []
    },
    {
      "name": "hasCls",
      "returnType": "String",
      "params": [
        {
          "name": "className",
          "type": "String"
        }
      ]
    },
    {
      "name": "hasConfig",
      "params": [
        {
          "name": "name",
          "type": "String"
        }
      ]
    },
    {
      "name": "hasListener",
      "returnType": "String",
      "params": [
        {
          "name": "eventName",
          "type": "String"
        }
      ]
    },
    {
      "name": "hasUICls",
      "params": [
        {
          "name": "cls",
          "type": "String"
        }
      ]
    },
    {
      "name": "hasVisibleMenu",
      "returnType": "String",
      "params": []
    },
    {
      "name": "hide",
      "returnType": "Object",
      "params": [
        {
          "name": "animateTarget",
          "type": "String/Ext.dom.Element/Ext.Component"
        },
        {
          "name": "callback",
          "type": "Function"
        },
        {
          "name": "scope",
          "type": "Object"
        }
      ]
    },
    {
      "name": "hideMenu",
      "returnType": "Object",
      "params": []
    },
    {
      "name": "initBindable"
    },
    {
      "name": "initComponent"
    },
    {
      "name": "initConfig",
      "returnType": "Object",
      "params": [
        {
          "name": "instanceConfig",
          "type": "Object"
        }
      ]
    },
    {
      "name": "initEvents"
    },
    {
      "name": "initFocusableElement",
      "params": [
        {
          "name": "force"
        }
      ]
    },
    {
      "name": "initFocusableEvents",
      "params": [
        {
          "name": "force"
        }
      ]
    },
    {
      "name": "initInheritedState",
      "params": [
        {
          "name": "inheritedState"
        }
      ]
    },
    {
      "name": "initKeyMap"
    },
    {
      "name": "initPadding",
      "params": [
        {
          "name": "targetEl"
        }
      ]
    },
    {
      "name": "initPlugin",
      "params": [
        {
          "name": "plugin"
        }
      ]
    },
    {
      "name": "initRenderData",
      "params": []
    },
    {
      "name": "initRenderTpl",
      "params": []
    },
    {
      "name": "initState"
    },
    {
      "name": "initStyles",
      "params": [
        {
          "name": "targetEl"
        }
      ]
    },
    {
      "name": "invalidateInheritedState"
    },
    {
      "name": "is",
      "returnType": "String",
      "params": [
        {
          "name": "selector",
          "type": "String"
        }
      ]
    },
    {
      "name": "isAncestor",
      "returnType": "Ext.Component",
      "params": [
        {
          "name": "possibleDescendant",
          "type": "Ext.Component"
        }
      ]
    },
    {
      "name": "isBlurring",
      "params": [
        {
          "name": "e"
        }
      ]
    },
    {
      "name": "isBound",
      "returnType": "String",
      "params": [
        {
          "name": "name",
          "type": "String"
        }
      ]
    },
    {
      "name": "isDescendantOf",
      "returnType": "Ext.Component",
      "params": [
        {
          "name": "ancestor",
          "type": "Ext.Component"
        }
      ]
    },
    {
      "name": "isDestructing",
      "returnType": "Ext.Component",
      "params": []
    },
    {
      "name": "isDisabled",
      "returnType": "Ext.Component",
      "params": []
    },
    {
      "name": "isDraggable",
      "returnType": "Ext.Component",
      "params": []
    },
    {
      "name": "isDroppable",
      "returnType": "Ext.Component",
      "params": []
    },
    {
      "name": "isFloating",
      "returnType": "Ext.Component",
      "params": []
    },
    {
      "name": "isFocusable",
      "returnType": "Boolean",
      "params": [
        {
          "name": "deep",
          "type": "Boolean"
        }
      ]
    },
    {
      "name": "isFocusing",
      "params": [
        {
          "name": "e"
        }
      ]
    },
    {
      "name": "isHidden",
      "params": []
    },
    {
      "name": "isLayoutChild",
      "returnType": "Ext.Component",
      "params": [
        {
          "name": "ownerCandidate",
          "type": "Ext.Component"
        }
      ]
    },
    {
      "name": "isLayoutRoot",
      "returnType": "Ext.Component",
      "params": []
    },
    {
      "name": "isLayoutSuspended",
      "returnType": "Ext.Component",
      "params": []
    },
    {
      "name": "isMasked",
      "returnType": "Boolean",
      "params": [
        {
          "name": "deep",
          "type": "Boolean"
        }
      ]
    },
    {
      "name": "isSuspended",
      "returnType": "String",
      "params": [
        {
          "name": "event",
          "type": "String"
        }
      ]
    },
    {
      "name": "isSyncing",
      "returnType": "String",
      "params": [
        {
          "name": "name",
          "type": "String"
        }
      ]
    },
    {
      "name": "isVisible",
      "returnType": "Boolean",
      "params": [
        {
          "name": "deep",
          "type": "Boolean"
        }
      ]
    },
    {
      "name": "isWithinTrigger",
      "params": [
        {
          "name": "e",
          "type": "Ext.event.Event"
        }
      ]
    },
    {
      "name": "isXType",
      "returnType": "Boolean",
      "params": [
        {
          "name": "xtype",
          "type": "String"
        },
        {
          "name": "shallow",
          "type": "Boolean"
        }
      ]
    },
    {
      "name": "link",
      "returnType": "Object",
      "params": [
        {
          "name": "name",
          "type": "String"
        },
        {
          "name": "value",
          "type": "Object"
        }
      ]
    },
    {
      "name": "lookupController",
      "returnType": "Boolean",
      "params": [
        {
          "name": "skipThis",
          "type": "Boolean"
        }
      ]
    },
    {
      "name": "lookupNameHolder",
      "returnType": "Boolean",
      "params": [
        {
          "name": "skipThis",
          "type": "Boolean"
        }
      ]
    },
    {
      "name": "lookupReferenceHolder",
      "returnType": "Boolean",
      "params": [
        {
          "name": "skipThis",
          "type": "Boolean"
        }
      ]
    },
    {
      "name": "lookupSession",
      "returnType": "Boolean",
      "params": [
        {
          "name": "skipThis",
          "type": "Boolean"
        }
      ]
    },
    {
      "name": "lookupTpl",
      "returnType": "String",
      "params": [
        {
          "name": "name",
          "type": "String"
        }
      ]
    },
    {
      "name": "lookupViewModel",
      "returnType": "Boolean",
      "params": [
        {
          "name": "skipThis",
          "type": "Boolean"
        }
      ]
    },
    {
      "name": "mask",
      "params": [
        {
          "name": "msg",
          "type": "String"
        },
        {
          "name": "msgCls",
          "type": "String"
        },
        {
          "name": "elHeight",
          "type": "Number"
        }
      ]
    },
    {
      "name": "mon",
      "returnType": "Boolean",
      "params": [
        {
          "name": "item",
          "type": "Ext.util.Observable/Ext.dom.Element"
        },
        {
          "name": "ename",
          "type": "Object/String"
        },
        {
          "name": "fn",
          "type": "Function/String"
        },
        {
          "name": "scope",
          "type": "Object"
        },
        {
          "name": "options",
          "type": "Object"
        },
        {
          "name": "noDestroy",
          "type": "Boolean"
        }
      ]
    },
    {
      "name": "move",
      "params": [
        {
          "name": "direction",
          "type": "String"
        },
        {
          "name": "distance",
          "type": "Number"
        },
        {
          "name": "animate",
          "type": "Boolean"
        }
      ]
    },
    {
      "name": "moveFloatingDescendants",
      "params": [
        {
          "name": "item",
          "type": "Ext.Component"
        }
      ]
    },
    {
      "name": "mun",
      "params": [
        {
          "name": "item",
          "type": "Ext.util.Observable/Ext.dom.Element"
        },
        {
          "name": "ename",
          "type": "Object/String"
        },
        {
          "name": "fn",
          "type": "Function"
        },
        {
          "name": "scope",
          "type": "Object"
        }
      ]
    },
    {
      "name": "nextNode",
      "params": [
        {
          "name": "selector",
          "type": "String"
        },
        {
          "name": "includeSelf"
        }
      ]
    },
    {
      "name": "nextSibling",
      "returnType": "String",
      "params": [
        {
          "name": "selector",
          "type": "String"
        }
      ]
    },
    {
      "name": "on",
      "params": [
        {
          "name": "eventName",
          "type": "String/Object"
        },
        {
          "name": "fn",
          "type": "Function/String"
        },
        {
          "name": "scope",
          "type": "Object"
        },
        {
          "name": "options",
          "type": "Object"
        },
        {
          "name": "order",
          "type": "String"
        },
        {
          "name": "caller"
        }
      ]
    },
    {
      "name": "onAdded",
      "params": [
        {
          "name": "container",
          "type": "Ext.container.Container"
        },
        {
          "name": "pos",
          "type": "Number"
        },
        {
          "name": "instanced",
          "type": "Boolean"
        }
      ]
    },
    {
      "name": "onAfter",
      "params": [
        {
          "name": "eventName",
          "type": "String/String[]/Object"
        },
        {
          "name": "fn",
          "type": "Function/String"
        },
        {
          "name": "scope",
          "type": "Object"
        },
        {
          "name": "options",
          "type": "Object"
        }
      ]
    },
    {
      "name": "onBefore",
      "params": [
        {
          "name": "eventName",
          "type": "String/String[]/Object"
        },
        {
          "name": "fn",
          "type": "Function/String"
        },
        {
          "name": "scope",
          "type": "Object"
        },
        {
          "name": "options",
          "type": "Object"
        }
      ]
    },
    {
      "name": "onBlur",
      "params": [
        {
          "name": "e"
        }
      ]
    },
    {
      "name": "onBoxReady",
      "params": [
        {
          "name": "width",
          "type": "Number"
        },
        {
          "name": "height",
          "type": "Number"
        }
      ]
    },
    {
      "name": "onClick",
      "params": [
        {
          "name": "e"
        }
      ]
    },
    {
      "name": "onDestroy"
    },
    {
      "name": "onDisable"
    },
    {
      "name": "onDownKey",
      "params": [
        {
          "name": "e"
        }
      ]
    },
    {
      "name": "onEnable"
    },
    {
      "name": "onEnterKey",
      "params": [
        {
          "name": "e"
        }
      ]
    },
    {
      "name": "onFocus",
      "params": [
        {
          "name": "e"
        }
      ]
    },
    {
      "name": "onFocusEnter",
      "params": [
        {
          "name": "e",
          "type": "Object"
        }
      ]
    },
    {
      "name": "onFocusLeave",
      "params": [
        {
          "name": "e",
          "type": "Ext.event.Event"
        }
      ]
    },
    {
      "name": "onFocusMove",
      "params": [
        {
          "name": "info",
          "type": "Object"
        }
      ]
    },
    {
      "name": "onFocusTopmost"
    },
    {
      "name": "onHide",
      "params": [
        {
          "name": "animateTarget",
          "type": "String/Ext.dom.Element/Ext.Component"
        },
        {
          "name": "callback",
          "type": "Function"
        },
        {
          "name": "scope",
          "type": "Object"
        }
      ]
    },
    {
      "name": "onInheritedAdd",
      "params": [
        {
          "name": "parent"
        },
        {
          "name": "instanced",
          "type": "Boolean"
        }
      ]
    },
    {
      "name": "onInheritedRemove",
      "params": [
        {
          "name": "destroying",
          "type": "Boolean"
        }
      ]
    },
    {
      "name": "onMenuHide",
      "params": [
        {
          "name": "e"
        }
      ]
    },
    {
      "name": "onMenuShow"
    },
    {
      "name": "onMenuTriggerOut",
      "params": [
        {
          "name": "e"
        }
      ]
    },
    {
      "name": "onMenuTriggerOver",
      "params": [
        {
          "name": "e"
        }
      ]
    },
    {
      "name": "onMouseDown",
      "params": [
        {
          "name": "e"
        }
      ]
    },
    {
      "name": "onMouseEnter",
      "params": [
        {
          "name": "e"
        }
      ]
    },
    {
      "name": "onMouseLeave",
      "params": [
        {
          "name": "e"
        }
      ]
    },
    {
      "name": "onMouseMove",
      "params": [
        {
          "name": "e"
        }
      ]
    },
    {
      "name": "onMouseOut",
      "params": [
        {
          "name": "e"
        }
      ]
    },
    {
      "name": "onMouseOver",
      "params": [
        {
          "name": "e"
        }
      ]
    },
    {
      "name": "onMouseUp",
      "params": [
        {
          "name": "e"
        }
      ]
    },
    {
      "name": "onPosition",
      "params": [
        {
          "name": "x",
          "type": "Number"
        },
        {
          "name": "y",
          "type": "Number"
        }
      ]
    },
    {
      "name": "onRemoved",
      "params": [
        {
          "name": "destroying",
          "type": "Boolean"
        }
      ]
    },
    {
      "name": "onRender"
    },
    {
      "name": "onRepeatClick",
      "params": [
        {
          "name": "repeat"
        },
        {
          "name": "e"
        }
      ]
    },
    {
      "name": "onResize",
      "params": [
        {
          "name": "width",
          "type": "Number"
        },
        {
          "name": "height",
          "type": "Number"
        },
        {
          "name": "oldWidth",
          "type": "Number"
        },
        {
          "name": "oldHeight",
          "type": "Number"
        }
      ]
    },
    {
      "name": "onScrollEnd",
      "params": [
        {
          "name": "x",
          "type": "Number"
        },
        {
          "name": "y",
          "type": "Number"
        }
      ]
    },
    {
      "name": "onScrollMove",
      "params": [
        {
          "name": "x",
          "type": "Number"
        },
        {
          "name": "y",
          "type": "Number"
        }
      ]
    },
    {
      "name": "onScrollStart",
      "params": [
        {
          "name": "x",
          "type": "Number"
        },
        {
          "name": "y",
          "type": "Number"
        }
      ]
    },
    {
      "name": "onShow",
      "params": [
        {
          "name": "animateTarget",
          "type": "String/Ext.dom.Element"
        },
        {
          "name": "callback",
          "type": "Function"
        },
        {
          "name": "scope",
          "type": "Object"
        }
      ]
    },
    {
      "name": "onShowComplete",
      "params": [
        {
          "name": "callback",
          "type": "Function"
        },
        {
          "name": "scope",
          "type": "Object"
        }
      ]
    },
    {
      "name": "onStateChange"
    },
    {
      "name": "onZIndexChange",
      "params": [
        {
          "name": "isTopMost",
          "type": "Boolean"
        }
      ]
    },
    {
      "name": "owns",
      "params": [
        {
          "name": "element"
        }
      ]
    },
    {
      "name": "postBlur",
      "params": [
        {
          "name": "e",
          "type": "Ext.event.Event"
        }
      ]
    },
    {
      "name": "postFocus",
      "params": [
        {
          "name": "e",
          "type": "Ext.event.Event"
        }
      ]
    },
    {
      "name": "previousNode",
      "params": [
        {
          "name": "selector",
          "type": "String"
        },
        {
          "name": "includeSelf"
        }
      ]
    },
    {
      "name": "previousSibling",
      "returnType": "String",
      "params": [
        {
          "name": "selector",
          "type": "String"
        }
      ]
    },
    {
      "name": "publishState",
      "params": [
        {
          "name": "property",
          "type": "String"
        },
        {
          "name": "value",
          "type": "Object"
        }
      ]
    },
    {
      "name": "query",
      "returnType": "String",
      "params": [
        {
          "name": "selector",
          "type": "String"
        }
      ]
    },
    {
      "name": "queryBy",
      "returnType": "Object",
      "params": [
        {
          "name": "fn",
          "type": "Function"
        },
        {
          "name": "scope",
          "type": "Object"
        }
      ]
    },
    {
      "name": "queryById",
      "returnType": "String",
      "params": [
        {
          "name": "id",
          "type": "String"
        }
      ]
    },
    {
      "name": "registerFloatingItem",
      "params": [
        {
          "name": "cmp"
        }
      ]
    },
    {
      "name": "relayEvents",
      "returnType": "String",
      "params": [
        {
          "name": "origin",
          "type": "Object"
        },
        {
          "name": "events",
          "type": "String[]/Object"
        },
        {
          "name": "prefix",
          "type": "String"
        }
      ]
    },
    {
      "name": "removeAfterListener"
    },
    {
      "name": "removeAnchor",
      "returnType": "String",
      "params": []
    },
    {
      "name": "removeBeforeListener"
    },
    {
      "name": "removeClass",
      "returnType": "String/String[]",
      "params": [
        {
          "name": "cls",
          "type": "String/String[]"
        }
      ]
    },
    {
      "name": "removeCls",
      "returnType": "String/String[]",
      "params": [
        {
          "name": "cls",
          "type": "String/String[]"
        }
      ]
    },
    {
      "name": "removeClsWithUI",
      "params": [
        {
          "name": "classes",
          "type": "String/String[]"
        },
        {
          "name": "skip",
          "type": "Boolean"
        }
      ]
    },
    {
      "name": "removeDelegatedListener",
      "params": [
        {
          "name": "eventName"
        },
        {
          "name": "fn"
        },
        {
          "name": "scope"
        }
      ]
    },
    {
      "name": "removeListener",
      "params": [
        {
          "name": "eventName",
          "type": "String"
        },
        {
          "name": "fn",
          "type": "Function"
        },
        {
          "name": "scope",
          "type": "Object"
        },
        {
          "name": "eventOptions"
        }
      ]
    },
    {
      "name": "removeManagedListener",
      "params": [
        {
          "name": "item",
          "type": "Ext.util.Observable/Ext.dom.Element"
        },
        {
          "name": "ename",
          "type": "Object/String"
        },
        {
          "name": "fn",
          "type": "Function"
        },
        {
          "name": "scope",
          "type": "Object"
        }
      ]
    },
    {
      "name": "removeManagedListenerItem",
      "params": [
        {
          "name": "isClear",
          "type": "Boolean"
        },
        {
          "name": "managedListener",
          "type": "Object"
        },
        {
          "name": "item",
          "type": "Object"
        },
        {
          "name": "ename",
          "type": "String"
        },
        {
          "name": "fn",
          "type": "Function"
        },
        {
          "name": "scope",
          "type": "Object"
        }
      ]
    },
    {
      "name": "removeUIClsFromElement",
      "params": [
        {
          "name": "uiCls",
          "type": "String"
        }
      ]
    },
    {
      "name": "removeUIFromElement"
    },
    {
      "name": "render",
      "params": [
        {
          "name": "container",
          "type": "Ext.dom.Element/HTMLElement/String"
        },
        {
          "name": "position",
          "type": "String/Number"
        }
      ]
    },
    {
      "name": "resolveListenerScope",
      "returnType": "Boolean",
      "params": [
        {
          "name": "defaultScope",
          "type": "Object"
        },
        {
          "name": "skipThis",
          "type": "Boolean"
        }
      ]
    },
    {
      "name": "resolveSatelliteListenerScope",
      "returnType": "Object",
      "params": [
        {
          "name": "satellite",
          "type": "Ext.mixin.Observable"
        },
        {
          "name": "defaultScope",
          "type": "Object"
        }
      ]
    },
    {
      "name": "resumeEvent",
      "params": [
        {
          "name": "eventName",
          "type": "String..."
        }
      ]
    },
    {
      "name": "resumeEvents",
      "params": [
        {
          "name": "discardQueue",
          "type": "Boolean"
        }
      ]
    },
    {
      "name": "reverseTranslateXY",
      "returnType": "Number[]",
      "params": [
        {
          "name": "xy",
          "type": "Number[]"
        }
      ]
    },
    {
      "name": "revertFocus"
    },
    {
      "name": "revertFocusTo",
      "params": [
        {
          "name": "target"
        }
      ]
    },
    {
      "name": "savePropsToState",
      "returnType": "Object",
      "params": [
        {
          "name": "propNames",
          "type": "String/String[]"
        },
        {
          "name": "state",
          "type": "Object"
        }
      ]
    },
    {
      "name": "savePropToState",
      "returnType": "String",
      "params": [
        {
          "name": "propName",
          "type": "String"
        },
        {
          "name": "state",
          "type": "Object"
        },
        {
          "name": "stateName",
          "type": "String"
        }
      ]
    },
    {
      "name": "saveState"
    },
    {
      "name": "scrollBy",
      "params": [
        {
          "name": "deltaX",
          "type": "Number/Number[]/Object"
        },
        {
          "name": "deltaY",
          "type": "Number/Boolean/Object"
        },
        {
          "name": "animate",
          "type": "Boolean/Object"
        }
      ]
    },
    {
      "name": "scrollTo",
      "params": [
        {
          "name": "x",
          "type": "Number"
        },
        {
          "name": "y",
          "type": "Number"
        },
        {
          "name": "animate",
          "type": "Boolean/Object"
        }
      ]
    },
    {
      "name": "sequenceFx",
      "returnType": "Boolean/Object",
      "params": []
    },
    {
      "name": "setAutoScroll",
      "returnType": "Boolean",
      "params": [
        {
          "name": "scroll",
          "type": "Boolean"
        }
      ]
    },
    {
      "name": "setBorder",
      "params": [
        {
          "name": "border",
          "type": "String/Number"
        },
        {
          "name": "targetEl"
        }
      ]
    },
    {
      "name": "setBox",
      "returnType": "Object",
      "params": [
        {
          "name": "box",
          "type": "Object"
        }
      ]
    },
    {
      "name": "setComponentLayout",
      "params": [
        {
          "name": "layout"
        }
      ]
    },
    {
      "name": "setConfig",
      "returnType": "Object",
      "params": [
        {
          "name": "name",
          "type": "String/Object"
        },
        {
          "name": "value",
          "type": "Object"
        },
        {
          "name": "options",
          "type": "Object"
        }
      ]
    },
    {
      "name": "setDisabled",
      "params": [
        {
          "name": "disabled",
          "type": "Boolean"
        }
      ]
    },
    {
      "name": "setDock",
      "returnType": "Object",
      "params": [
        {
          "name": "dock",
          "type": "Object"
        }
      ]
    },
    {
      "name": "setDocked",
      "returnType": "Object",
      "params": [
        {
          "name": "dock",
          "type": "Object"
        }
      ]
    },
    {
      "name": "setFlex",
      "params": [
        {
          "name": "flex",
          "type": "Number"
        }
      ]
    },
    {
      "name": "setHandler",
      "returnType": "Object",
      "params": [
        {
          "name": "handler",
          "type": "Function"
        },
        {
          "name": "scope",
          "type": "Object"
        }
      ]
    },
    {
      "name": "setHeight",
      "returnType": "Number",
      "params": [
        {
          "name": "height",
          "type": "Number"
        }
      ]
    },
    {
      "name": "setHidden",
      "returnType": "Boolean",
      "params": [
        {
          "name": "hidden",
          "type": "Boolean"
        }
      ]
    },
    {
      "name": "setHref",
      "params": [
        {
          "name": "href",
          "type": "String"
        }
      ]
    },
    {
      "name": "setHtml",
      "params": [
        {
          "name": "html",
          "type": "String/Object"
        },
        {
          "name": "loadScripts",
          "type": "Boolean"
        },
        {
          "name": "callback",
          "type": "Function"
        },
        {
          "name": "scriptScope",
          "type": "Object"
        }
      ]
    },
    {
      "name": "setIcon",
      "returnType": "String",
      "params": [
        {
          "name": "icon",
          "type": "String"
        }
      ]
    },
    {
      "name": "setIconCls",
      "returnType": "String",
      "params": [
        {
          "name": "cls",
          "type": "String"
        }
      ]
    },
    {
      "name": "setListeners",
      "params": [
        {
          "name": "listeners",
          "type": "Object"
        }
      ]
    },
    {
      "name": "setLoading",
      "params": [
        {
          "name": "load",
          "type": "Boolean/Object/String"
        },
        {
          "name": "targetEl"
        }
      ]
    },
    {
      "name": "setLocalX",
      "returnType": "Number",
      "params": [
        {
          "name": "x",
          "type": "Number"
        }
      ]
    },
    {
      "name": "setLocalXY",
      "returnType": "Number",
      "params": [
        {
          "name": "x",
          "type": "Number/Array"
        },
        {
          "name": "y",
          "type": "Number"
        }
      ]
    },
    {
      "name": "setLocalY",
      "returnType": "Number",
      "params": [
        {
          "name": "y",
          "type": "Number"
        }
      ]
    },
    {
      "name": "setMargin",
      "params": [
        {
          "name": "margin",
          "type": "Number/String"
        },
        {
          "name": "preventLayout"
        }
      ]
    },
    {
      "name": "setMasked",
      "returnType": "Boolean",
      "params": [
        {
          "name": "isMasked",
          "type": "Boolean"
        }
      ]
    },
    {
      "name": "setMenu",
      "params": [
        {
          "name": "menu",
          "type": "Ext.menu.Menu/String/Object"
        },
        {
          "name": "destroyMenu",
          "type": "Boolean"
        },
        {
          "name": "initial",
          "type": "Boolean"
        }
      ]
    },
    {
      "name": "setOverflowXY",
      "returnType": "String",
      "params": [
        {
          "name": "overflowX",
          "type": "String"
        },
        {
          "name": "overflowY",
          "type": "String"
        }
      ]
    },
    {
      "name": "setPagePosition",
      "returnType": "Boolean/Object",
      "params": [
        {
          "name": "x",
          "type": "Number/Number[]"
        },
        {
          "name": "y",
          "type": "Number"
        },
        {
          "name": "animate",
          "type": "Boolean/Object"
        }
      ]
    },
    {
      "name": "setParams",
      "params": [
        {
          "name": "params",
          "type": "Object"
        }
      ]
    },
    {
      "name": "setPosition",
      "returnType": "Boolean/Object",
      "params": [
        {
          "name": "x",
          "type": "Number/Number[]/Object"
        },
        {
          "name": "y",
          "type": "Number"
        },
        {
          "name": "animate",
          "type": "Boolean/Object"
        }
      ]
    },
    {
      "name": "setPressed",
      "returnType": "Boolean",
      "params": [
        {
          "name": "pressed",
          "type": "Boolean"
        }
      ]
    },
    {
      "name": "setScale",
      "params": [
        {
          "name": "scale",
          "type": "String"
        }
      ]
    },
    {
      "name": "setScrollX",
      "params": [
        {
          "name": "x",
          "type": "Number"
        },
        {
          "name": "animate",
          "type": "Boolean/Object"
        }
      ]
    },
    {
      "name": "setScrollY",
      "params": [
        {
          "name": "y",
          "type": "Number"
        },
        {
          "name": "animate",
          "type": "Boolean/Object"
        }
      ]
    },
    {
      "name": "setSize",
      "returnType": "Number/String",
      "params": [
        {
          "name": "width",
          "type": "Number/String/Object"
        },
        {
          "name": "height",
          "type": "Number/String"
        }
      ]
    },
    {
      "name": "setStyle",
      "returnType": "String",
      "params": [
        {
          "name": "property",
          "type": "String/Object"
        },
        {
          "name": "value",
          "type": "String"
        }
      ]
    },
    {
      "name": "setTabIndex",
      "params": [
        {
          "name": "newTabIndex",
          "type": "Number"
        },
        {
          "name": "focusEl",
          "type": "HTMLElement"
        }
      ]
    },
    {
      "name": "setTooltip",
      "params": [
        {
          "name": "tooltip",
          "type": "String/Object"
        },
        {
          "name": "initial"
        }
      ]
    },
    {
      "name": "setUI",
      "params": [
        {
          "name": "ui",
          "type": "String"
        }
      ]
    },
    {
      "name": "setupFramingTpl",
      "params": [
        {
          "name": "frameTpl"
        }
      ]
    },
    {
      "name": "setVisible",
      "returnType": "Boolean",
      "params": [
        {
          "name": "visible",
          "type": "Boolean"
        }
      ]
    },
    {
      "name": "setWidth",
      "returnType": "Number",
      "params": [
        {
          "name": "width",
          "type": "Number"
        }
      ]
    },
    {
      "name": "setX",
      "returnType": "Number",
      "params": [
        {
          "name": "x",
          "type": "Number"
        }
      ]
    },
    {
      "name": "setXY",
      "returnType": "Number[]",
      "params": [
        {
          "name": "pos",
          "type": "Number[]"
        }
      ]
    },
    {
      "name": "setY",
      "returnType": "Number",
      "params": [
        {
          "name": "y",
          "type": "Number"
        }
      ]
    },
    {
      "name": "setZIndex",
      "params": [
        {
          "name": "index"
        }
      ]
    },
    {
      "name": "show",
      "returnType": "Object",
      "params": [
        {
          "name": "animateTarget",
          "type": "String/Ext.dom.Element"
        },
        {
          "name": "callback",
          "type": "Function"
        },
        {
          "name": "scope",
          "type": "Object"
        }
      ]
    },
    {
      "name": "showAt",
      "returnType": "Boolean/Object",
      "params": [
        {
          "name": "x",
          "type": "Number/Number[]"
        },
        {
          "name": "y",
          "type": "Number"
        },
        {
          "name": "animate",
          "type": "Boolean/Object"
        }
      ]
    },
    {
      "name": "showBy",
      "returnType": "Number[]",
      "params": [
        {
          "name": "component",
          "type": "Ext.Component/Ext.dom.Element"
        },
        {
          "name": "position",
          "type": "String"
        },
        {
          "name": "offset",
          "type": "Number[]"
        }
      ]
    },
    {
      "name": "showMenu",
      "params": [
        {
          "name": "clickEvent"
        }
      ]
    },
    {
      "name": "statics",
      "params": []
    },
    {
      "name": "stopAnimation",
      "returnType": "Boolean",
      "params": [
        {
          "name": "suppressEvent",
          "type": "Boolean"
        }
      ]
    },
    {
      "name": "stopFx",
      "returnType": "Boolean",
      "params": []
    },
    {
      "name": "suspendEvent",
      "params": [
        {
          "name": "eventName",
          "type": "String..."
        }
      ]
    },
    {
      "name": "suspendEvents",
      "params": [
        {
          "name": "queueSuspended",
          "type": "Boolean"
        }
      ]
    },
    {
      "name": "syncFx",
      "returnType": "Boolean",
      "params": []
    },
    {
      "name": "syncHidden"
    },
    {
      "name": "toBack",
      "returnType": "Boolean",
      "params": []
    },
    {
      "name": "toFront",
      "returnType": "Boolean",
      "params": [
        {
          "name": "preventFocus",
          "type": "Boolean"
        }
      ]
    },
    {
      "name": "toggle",
      "returnType": "Boolean",
      "params": [
        {
          "name": "state",
          "type": "Boolean"
        },
        {
          "name": "suppressEvent",
          "type": "Boolean"
        }
      ]
    },
    {
      "name": "toggleCls",
      "returnType": "Boolean",
      "params": [
        {
          "name": "className",
          "type": "String"
        },
        {
          "name": "state",
          "type": "Boolean"
        }
      ]
    },
    {
      "name": "translatePoints",
      "returnType": "Number",
      "params": [
        {
          "name": "x",
          "type": "Number/Array"
        },
        {
          "name": "y",
          "type": "Number"
        }
      ]
    },
    {
      "name": "translateXY",
      "returnType": "Number",
      "params": [
        {
          "name": "x",
          "type": "Number/Array"
        },
        {
          "name": "y",
          "type": "Number"
        }
      ]
    },
    {
      "name": "un",
      "params": [
        {
          "name": "eventName",
          "type": "String"
        },
        {
          "name": "fn",
          "type": "Function"
        },
        {
          "name": "scope",
          "type": "Object"
        },
        {
          "name": "eventOptions"
        }
      ]
    },
    {
      "name": "unAfter",
      "params": [
        {
          "name": "eventName",
          "type": "String/String[]/Object"
        },
        {
          "name": "fn",
          "type": "Function/String"
        },
        {
          "name": "scope",
          "type": "Object"
        },
        {
          "name": "options",
          "type": "Object"
        }
      ]
    },
    {
      "name": "unBefore",
      "params": [
        {
          "name": "eventName",
          "type": "String/String[]/Object"
        },
        {
          "name": "fn",
          "type": "Function/String"
        },
        {
          "name": "scope",
          "type": "Object"
        },
        {
          "name": "options",
          "type": "Object"
        }
      ]
    },
    {
      "name": "unlink",
      "returnType": "String[]",
      "params": [
        {
          "name": "names",
          "type": "String[]"
        }
      ]
    },
    {
      "name": "unmask"
    },
    {
      "name": "up",
      "returnType": "String/Number/Ext.Component",
      "params": [
        {
          "name": "selector",
          "type": "String/Ext.Component"
        },
        {
          "name": "limit",
          "type": "String/Number/Ext.Component"
        }
      ]
    },
    {
      "name": "update",
      "params": [
        {
          "name": "htmlOrData",
          "type": "String/Object"
        },
        {
          "name": "loadScripts",
          "type": "Boolean"
        },
        {
          "name": "callback",
          "type": "Function"
        },
        {
          "name": "scriptScope",
          "type": "Object"
        }
      ]
    },
    {
      "name": "updateBox",
      "returnType": "Object",
      "params": [
        {
          "name": "box",
          "type": "Object"
        }
      ]
    },
    {
      "name": "updateFrame"
    },
    {
      "name": "updateLayout",
      "params": [
        {
          "name": "options",
          "type": "Object"
        }
      ]
    },
    {
      "name": "updateSession",
      "params": [
        {
          "name": "session",
          "type": "Ext.data.Session"
        }
      ]
    },
    {
      "name": "updateViewModel",
      "params": [
        {
          "name": "viewModel",
          "type": "Ext.app.ViewModel"
        },
        {
          "name": "oldViewModel",
          "type": "Ext.app.ViewModel"
        }
      ]
    },
    {
      "name": "visitPostOrder",
      "params": [
        {
          "name": "selector",
          "type": "Object"
        },
        {
          "name": "fn",
          "type": "Function"
        },
        {
          "name": "scope",
          "type": "Object"
        },
        {
          "name": "extraArgs",
          "type": "Array"
        }
      ]
    },
    {
      "name": "visitPreOrder",
      "params": [
        {
          "name": "selector",
          "type": "Object"
        },
        {
          "name": "fn",
          "type": "Function"
        },
        {
          "name": "scope",
          "type": "Object"
        },
        {
          "name": "extraArgs",
          "type": "Array"
        }
      ]
    },
    {
      "name": "watchConfig",
      "params": [
        {
          "name": "name"
        },
        {
          "name": "fn"
        },
        {
          "name": "scope"
        }
      ]
    }
  ],
  "events": [
    {
      "name": "activate",
      "params": [
        {
          "name": "this",
          "type": "Ext.Component"
        }
      ]
    },
    {
      "name": "added",
      "params": [
        {
          "name": "this",
          "type": "Ext.Component"
        },
        {
          "name": "container",
          "type": "Ext.container.Container"
        },
        {
          "name": "pos",
          "type": "Number"
        }
      ]
    },
    {
      "name": "afterlayoutanimation",
      "params": [
        {
          "name": "this",
          "type": "Ext.Component"
        }
      ]
    },
    {
      "name": "afterrender",
      "params": [
        {
          "name": "this",
          "type": "Ext.Component"
        }
      ]
    },
    {
      "name": "beforeactivate",
      "params": [
        {
          "name": "this",
          "type": "Ext.Component"
        }
      ]
    },
    {
      "name": "beforedeactivate",
      "params": [
        {
          "name": "this",
          "type": "Ext.Component"
        }
      ]
    },
    {
      "name": "beforedestroy",
      "params": [
        {
          "name": "this",
          "type": "Ext.Component"
        }
      ]
    },
    {
      "name": "beforehide",
      "params": [
        {
          "name": "this",
          "type": "Ext.Component"
        }
      ]
    },
    {
      "name": "beforerender",
      "params": [
        {
          "name": "this",
          "type": "Ext.Component"
        }
      ]
    },
    {
      "name": "beforeshow",
      "params": [
        {
          "name": "this",
          "type": "Ext.Component"
        }
      ]
    },
    {
      "name": "beforestaterestore",
      "params": [
        {
          "name": "this",
          "type": "Ext.state.Stateful"
        },
        {
          "name": "state",
          "type": "Object"
        }
      ]
    },
    {
      "name": "beforestatesave",
      "params": [
        {
          "name": "this",
          "type": "Ext.state.Stateful"
        },
        {
          "name": "state",
          "type": "Object"
        }
      ]
    },
    {
      "name": "beforetoggle",
      "params": [
        {
          "name": "this",
          "type": "Ext.button.Button"
        },
        {
          "name": "pressed",
          "type": "Boolean"
        }
      ]
    },
    {
      "name": "blur",
      "params": [
        {
          "name": "this",
          "type": "Ext.Component"
        },
        {
          "name": "event",
          "type": "Ext.event.Event"
        }
      ]
    },
    {
      "name": "boxready",
      "params": [
        {
          "name": "this",
          "type": "Ext.Component"
        },
        {
          "name": "width",
          "type": "Number"
        },
        {
          "name": "height",
          "type": "Number"
        }
      ]
    },
    {
      "name": "click",
      "params": [
        {
          "name": "this",
          "type": "Ext.button.Button"
        },
        {
          "name": "e",
          "type": "Event"
        }
      ]
    },
    {
      "name": "deactivate",
      "params": [
        {
          "name": "this",
          "type": "Ext.Component"
        }
      ]
    },
    {
      "name": "destroy",
      "params": [
        {
          "name": "this",
          "type": "Ext.Component"
        }
      ]
    },
    {
      "name": "disable",
      "params": [
        {
          "name": "this",
          "type": "Ext.Component"
        }
      ]
    },
    {
      "name": "enable",
      "params": [
        {
          "name": "this",
          "type": "Ext.Component"
        }
      ]
    },
    {
      "name": "focus",
      "params": [
        {
          "name": "this",
          "type": "Ext.Component/Ext.Widget"
        },
        {
          "name": "event",
          "type": "Ext.event.Event"
        }
      ]
    },
    {
      "name": "focusenter",
      "params": [
        {
          "name": "this",
          "type": "Ext.Component"
        },
        {
          "name": "event",
          "type": "Ext.event.Event"
        }
      ]
    },
    {
      "name": "focusleave",
      "params": [
        {
          "name": "this",
          "type": "Ext.Component"
        },
        {
          "name": "event",
          "type": "Ext.event.Event"
        }
      ]
    },
    {
      "name": "glyphchange",
      "params": [
        {
          "name": "this",
          "type": "Ext.button.Button"
        },
        {
          "name": "newGlyph",
          "type": "Number/String"
        },
        {
          "name": "oldGlyph",
          "type": "Number/String"
        }
      ]
    },
    {
      "name": "hide",
      "params": [
        {
          "name": "this",
          "type": "Ext.Component"
        }
      ]
    },
    {
      "name": "iconchange",
      "params": [
        {
          "name": "this",
          "type": "Ext.button.Button"
        },
        {
          "name": "oldIcon",
          "type": "String"
        },
        {
          "name": "newIcon",
          "type": "String"
        }
      ]
    },
    {
      "name": "menuhide",
      "params": [
        {
          "name": "this",
          "type": "Ext.button.Button"
        },
        {
          "name": "menu",
          "type": "Ext.menu.Menu"
        }
      ]
    },
    {
      "name": "menushow",
      "params": [
        {
          "name": "this",
          "type": "Ext.button.Button"
        },
        {
          "name": "menu",
          "type": "Ext.menu.Menu"
        }
      ]
    },
    {
      "name": "menutriggerout",
      "params": [
        {
          "name": "this",
          "type": "Ext.button.Button"
        },
        {
          "name": "menu",
          "type": "Ext.menu.Menu"
        },
        {
          "name": "e",
          "type": "Event"
        }
      ]
    },
    {
      "name": "menutriggerover",
      "params": [
        {
          "name": "this",
          "type": "Ext.button.Button"
        },
        {
          "name": "menu",
          "type": "Ext.menu.Menu"
        },
        {
          "name": "e",
          "type": "Event"
        }
      ]
    },
    {
      "name": "mouseout",
      "params": [
        {
          "name": "this",
          "type": "Ext.button.Button"
        },
        {
          "name": "e",
          "type": "Event"
        }
      ]
    },
    {
      "name": "mouseover",
      "params": [
        {
          "name": "this",
          "type": "Ext.button.Button"
        },
        {
          "name": "e",
          "type": "Event"
        }
      ]
    },
    {
      "name": "move",
      "params": [
        {
          "name": "this",
          "type": "Ext.Component"
        },
        {
          "name": "x",
          "type": "Number"
        },
        {
          "name": "y",
          "type": "Number"
        }
      ]
    },
    {
      "name": "removed",
      "params": [
        {
          "name": "this",
          "type": "Ext.Component"
        },
        {
          "name": "ownerCt",
          "type": "Ext.container.Container"
        }
      ]
    },
    {
      "name": "render",
      "params": [
        {
          "name": "this",
          "type": "Ext.Component"
        }
      ]
    },
    {
      "name": "resize",
      "params": [
        {
          "name": "this",
          "type": "Ext.Component"
        },
        {
          "name": "width",
          "type": "Number"
        },
        {
          "name": "height",
          "type": "Number"
        },
        {
          "name": "oldWidth",
          "type": "Number"
        },
        {
          "name": "oldHeight",
          "type": "Number"
        }
      ]
    },
    {
      "name": "show",
      "params": [
        {
          "name": "this",
          "type": "Ext.Component"
        }
      ]
    },
    {
      "name": "staterestore",
      "params": [
        {
          "name": "this",
          "type": "Ext.state.Stateful"
        },
        {
          "name": "state",
          "type": "Object"
        }
      ]
    },
    {
      "name": "statesave",
      "params": [
        {
          "name": "this",
          "type": "Ext.state.Stateful"
        },
        {
          "name": "state",
          "type": "Object"
        }
      ]
    },
    {
      "name": "textchange",
      "params": [
        {
          "name": "this",
          "type": "Ext.button.Button"
        },
        {
          "name": "oldText",
          "type": "String"
        },
        {
          "name": "newText",
          "type": "String"
        }
      ]
    },
    {
      "name": "toggle",
      "params": [
        {
          "name": "this",
          "type": "Ext.button.Button"
        },
        {
          "name": "pressed",
          "type": "Boolean"
        }
      ]
    }
  ]
}